,tau-liver,gini-liver,RNA tissue specificity,RNA tissue distribution
ENSG00000101981,0.9999929822591511,0.9838571645478764,Tissue enriched,Detected in single
ENSG00000080910,1.0,0.9803921568627452,Tissue enriched,Detected in single
ENSG00000110169,0.9998821508097483,0.9818290880007763,Tissue enriched,Detected in single
ENSG00000276911,1.0,0.9772727272727273,Tissue enriched,Detected in single
ENSG00000072080,0.9999854925286523,0.9838424460226465,Tissue enriched,Detected in single
ENSG00000165471,1.0,0.9838709677419355,Tissue enriched,Detected in single
ENSG00000171560,0.999935545614532,0.9834935682165631,Tissue enriched,Detected in some
ENSG00000134538,0.9999729034006233,0.9837911210475887,Tissue enriched,Detected in single
ENSG00000101323,0.9999461627500068,0.9836861834116466,Tissue enriched,Detected in single
ENSG00000180210,0.999924291367197,0.9833371229721313,Tissue enriched,Detected in single
ENSG00000113600,0.9999374743547158,0.9836411548862043,Tissue enriched,Detected in single
ENSG00000091583,0.9997850562336676,0.9811341541197165,Tissue enriched,Detected in some
ENSG00000171557,0.9999079309732727,0.9833059976190544,Tissue enriched,Detected in some
ENSG00000123561,0.9999355856871397,0.9836500220945645,Tissue enriched,Detected in single
ENSG00000112337,0.9998977964923755,0.9834312667386176,Tissue enriched,Detected in single
ENSG00000187758,0.9997445688125072,0.9818659424887692,Tissue enriched,Detected in single
ENSG00000158874,0.9997960052194522,0.9790278148049407,Tissue enriched,Detected in some
ENSG00000157131,0.9998986615529727,0.983398377949875,Tissue enriched,Detected in single
ENSG00000109181,0.999904689287076,0.983524679683546,Tissue enriched,Detected in single
ENSG00000263761,1.0,0.9824561403508771,Tissue enriched,Detected in single
ENSG00000145192,0.9998776608759479,0.9832576662684189,Tissue enriched,Detected in some
ENSG00000224916,0.9993493938366526,0.9628338536246965,Tissue enriched,Detected in single
ENSG00000175189,0.9997567337450841,0.9820104294960823,Tissue enriched,Detected in single
ENSG00000134389,0.9999424791486915,0.9837581773065647,Tissue enriched,Detected in single
ENSG00000162267,0.9993330291009934,0.96484041645332,Tissue enriched,Detected in some
ENSG00000140093,0.9993326563180044,0.9569526735425351,Tissue enriched,Detected in single
ENSG00000110243,0.9997808363285703,0.9826510057593554,Tissue enriched,Detected in single
ENSG00000113905,0.9999036586587745,0.9836297295871057,Tissue enriched,Detected in some
ENSG00000117601,0.999879914848711,0.9834657871166779,Tissue enriched,Detected in some
ENSG00000151655,0.9992692079794587,0.9717788443650706,Tissue enriched,Detected in some
ENSG00000171564,0.9999029414745683,0.9836256592665278,Tissue enriched,Detected in some
ENSG00000134365,0.9998662851335812,0.9835055851341477,Tissue enriched,Detected in single
ENSG00000121410,0.9997701853837905,0.9828197668245235,Tissue enriched,Detected in some
ENSG00000244414,0.9996893558702605,0.9789808861016289,Tissue enriched,Detected in some
ENSG00000172482,0.9998607916315881,0.9833147942157952,Tissue enriched,Detected in some
ENSG00000116785,0.9995562070495838,0.9804184272905285,Tissue enriched,Detected in single
ENSG00000255974,0.9997699165947658,0.9826750434519158,Tissue enriched,Detected in some
ENSG00000196600,1.0,0.9803921568627452,Tissue enriched,Detected in single
ENSG00000084674,0.9878439397646647,0.9606021002718539,Group enriched,Detected in some
ENSG00000109758,0.9995901639344263,0.9793961447678994,Tissue enriched,Detected in single
ENSG00000186910,0.999489866500657,0.9801584027720482,Tissue enriched,Detected in some
ENSG00000198077,0.9996648044692736,0.9790275084392734,Tissue enriched,Detected in single
ENSG00000148965,0.9993587069539819,0.9694515185813999,Tissue enriched,Detected in some
ENSG00000138115,0.9993840039741676,0.9652045020600943,Tissue enriched,Detected in some
ENSG00000275152,0.9997290951778941,0.9815822245526642,Tissue enriched,Detected in single
ENSG00000120054,0.9997865437158471,0.9831661000082927,Tissue enriched,Detected in single
ENSG00000105550,0.9996530488333769,0.9825338458967074,Tissue enriched,Detected in single
ENSG00000156096,0.9997846663733139,0.9830526966578168,Tissue enriched,Detected in some
ENSG00000009724,0.9974758880888484,0.8995711006403284,Tissue enriched,Detected in some
ENSG00000060566,0.9795059135120323,0.9504388662156875,Group enriched,Detected in some
ENSG00000143278,0.9995702898395034,0.9820170559881349,Tissue enriched,Detected in single
ENSG00000055957,0.9996376293816222,0.981974590510253,Tissue enriched,Detected in some
ENSG00000163825,0.9996213985537427,0.9821961698099466,Tissue enriched,Detected in single
ENSG00000183747,0.9862461794943036,0.9458366072755848,Group enriched,Detected in some
ENSG00000140107,0.9997293535416023,0.9829229349100617,Tissue enriched,Detected in some
ENSG00000130649,0.999452462285276,0.9745849088900302,Tissue enriched,Detected in some
ENSG00000138075,0.9721945475953262,0.93301604089547,Group enriched,Detected in some
ENSG00000273171,0.9988955540637111,0.9746087511977009,Tissue enriched,Detected in single
ENSG00000080618,0.999501820017536,0.980344525769665,Tissue enriched,Detected in some
ENSG00000163631,0.9997287124554555,0.9820923224217637,Tissue enriched,Detected in some
ENSG00000132703,0.9996323643631618,0.9825455668829164,Tissue enriched,Detected in some
ENSG00000234906,0.997824996358811,0.9425882921837307,Tissue enriched,Detected in some
ENSG00000187048,0.9948378095570274,0.9525350593311759,Group enriched,Detected in some
ENSG00000164344,0.9959534164954044,0.8564226988157797,Tissue enriched,Detected in some
ENSG00000106927,0.9994851097048517,0.9810454823922088,Tissue enriched,Detected in some
ENSG00000198670,0.9975447608974845,0.9039692287801411,Tissue enriched,Detected in single
ENSG00000167910,0.9994470465781943,0.9807132685282642,Tissue enriched,Detected in single
ENSG00000066813,0.984326183873345,0.921703126931158,Group enriched,Detected in some
ENSG00000187545,0.9997333333333334,0.9798761609907123,Tissue enriched,Detected in single
ENSG00000132693,0.9995727952567335,0.9799042243885756,Tissue enriched,Detected in some
ENSG00000141485,0.981934191885299,0.9450316597696564,Group enriched,Detected in some
ENSG00000116882,0.9870233724691947,0.946562599808368,Group enriched,Detected in some
ENSG00000139547,0.9991273996509596,0.9752114892779855,Tissue enriched,Detected in some
ENSG00000124568,0.9952953729750704,0.975602521319985,Group enriched,Detected in some
ENSG00000106804,0.9973381943875014,0.9050250397753363,Tissue enriched,Detected in some
ENSG00000175336,0.9987776819096923,0.9766556945358791,Tissue enriched,Detected in some
ENSG00000021852,0.9996257204880606,0.9830200041893591,Tissue enriched,Detected in some
ENSG00000244474,0.9993403041198009,0.981718350283896,Tissue enriched,Detected in some
ENSG00000138823,0.985909704235619,0.9422497763845692,Group enriched,Detected in some
ENSG00000099937,0.9976100894536799,0.9539865165576011,Tissue enriched,Detected in some
ENSG00000160868,0.9879183926945796,0.9530199464364231,Group enriched,Detected in some
ENSG00000197408,0.9975165068713966,0.9398400359103056,Tissue enriched,Detected in some
ENSG00000100652,0.9992425472055404,0.9804111122417831,Tissue enriched,Detected in some
ENSG00000198650,0.9992756385817765,0.9801829633354886,Tissue enriched,Detected in some
ENSG00000109072,0.9986509170034193,0.9713704934507297,Tissue enriched,Detected in some
ENSG00000139269,0.9986510098155098,0.9702062554016495,Tissue enriched,Detected in some
ENSG00000145692,0.990825131556998,0.9663261010982285,Group enriched,Detected in some
ENSG00000110887,0.9534753076962361,0.8821611855886049,Group enriched,Detected in some
ENSG00000057593,0.9980713596914182,0.926400679117148,Tissue enriched,Detected in some
ENSG00000172497,0.99874405076679,0.9758970641536793,Tissue enriched,Detected in some
ENSG00000122787,0.9986338797814209,0.9748975705464833,Tissue enriched,Detected in some
ENSG00000257017,0.9986510020419187,0.967619560428802,Tissue enriched,Detected in some
ENSG00000213512,0.9986708019494905,0.9778535980148884,Tissue enriched,Detected in some
ENSG00000215186,0.9822857142857143,0.9558328381857792,Group enriched,Detected in some
ENSG00000129988,0.9986914240587228,0.9696398776418242,Tissue enriched,Detected in some
ENSG00000211452,0.9767053296849648,0.930199374126631,Group enriched,Detected in some
ENSG00000184999,0.9993316821952274,0.9820127843020663,Tissue enriched,Detected in some
ENSG00000151790,0.9976007468220797,0.9458322101416718,Tissue enriched,Detected in some
ENSG00000159650,0.9993209816665051,0.9821603128054739,Tissue enriched,Detected in some
ENSG00000144820,0.9767291713451602,0.907620482615346,Group enriched,Detected in some
ENSG00000198099,0.9984850787379134,0.9684904320750036,Tissue enriched,Detected in some
ENSG00000140505,0.9985211509801675,0.9739183513004614,Tissue enriched,Detected in some
ENSG00000145826,0.9975417975808691,0.9345088862889299,Tissue enriched,Detected in some
ENSG00000228278,0.9991289284830488,0.9776116280042966,Tissue enriched,Detected in some
ENSG00000143921,0.9696823134100402,0.9264744660279511,Group enriched,Detected in some
ENSG00000136872,0.9721631556306713,0.9403110572526745,Group enriched,Detected in some
ENSG00000267467,0.9979833463440021,0.9664310954063604,Tissue enriched,Detected in some
ENSG00000243649,0.9954069942987055,0.8930318649398303,Tissue enriched,Detected in many
ENSG00000159289,0.990828025477707,0.9625824128778151,Group enriched,Detected in some
ENSG00000250799,0.9816214139344263,0.9325432186775975,Group enriched,Detected in some
ENSG00000125551,0.9990874524714829,0.9769696969696968,Tissue enriched,Detected in some
ENSG00000073734,0.9981669779345645,0.9749341984452471,Tissue enriched,Detected in some
ENSG00000178772,0.9987714005306969,0.9758330671776854,Tissue enriched,Detected in some
ENSG00000131187,0.9983069515114549,0.9529603714466612,Tissue enriched,Detected in some
ENSG00000156222,0.963170896025151,0.9125493398666122,Group enriched,Detected in some
ENSG00000169136,0.9918746756661689,0.7666468108504396,Tissue enriched,Detected in all
ENSG00000175003,0.999095469889405,0.980253890966003,Tissue enriched,Detected in some
ENSG00000113492,0.9823634527231762,0.9650169391662984,Group enriched,Detected in some
ENSG00000005421,0.9984755577297187,0.9741833077316946,Tissue enriched,Detected in some
ENSG00000138207,0.9971639033607378,0.9497981380263818,Tissue enriched,Detected in many
ENSG00000156006,0.9841276734339374,0.9060912603655626,Group enriched,Detected in some
ENSG00000170099,0.9974959547221757,0.9709602429665922,Tissue enriched,Detected in some
ENSG00000139209,0.996150993580727,0.9335581684429319,Tissue enriched,Detected in some
ENSG00000153086,0.9855758164752819,0.9546379333422566,Group enriched,Detected in some
ENSG00000160870,0.9968046679633229,0.9550119292741117,Tissue enriched,Detected in some
ENSG00000282301,0.996810361492364,0.9567949725058913,Tissue enriched,Detected in some
ENSG00000146678,0.9898487406269103,0.966961553403352,Group enriched,Detected in some
ENSG00000135094,0.996210977508599,0.9122389500279147,Tissue enriched,Detected in some
ENSG00000167711,0.9963264873605258,0.9383891787537144,Tissue enriched,Detected in many
ENSG00000111700,0.9983253009806302,0.9477259891697949,Tissue enriched,Detected in some
ENSG00000256162,0.9848732126762964,0.9488956474048962,Group enriched,Detected in some
ENSG00000132855,0.9991050579045316,0.981858294535924,Tissue enriched,Detected in some
ENSG00000047457,0.9917426793345668,0.8108924409383658,Tissue enriched,Detected in many
ENSG00000197838,0.9965290756661505,0.9586368366285116,Tissue enriched,Detected in some
ENSG00000180432,0.9987522700038297,0.979127134724858,Tissue enriched,Detected in some
ENSG00000170509,0.9959945492835613,0.9211995559618646,Tissue enriched,Detected in some
ENSG00000055955,0.9984260305414028,0.9642750068573105,Tissue enriched,Detected in some
ENSG00000166035,0.9923664122137408,0.8519825268817205,Tissue enriched,Detected in some
ENSG00000106327,0.9974084966368695,0.9473085295863843,Tissue enriched,Detected in some
ENSG00000137561,0.9868808212207696,0.7750640808627944,Tissue enriched,Detected in some
ENSG00000214274,0.9840435392886463,0.7417396203328361,Tissue enriched,Detected in many
ENSG00000007933,0.9946254165783746,0.9047530687981731,Tissue enriched,Detected in many
ENSG00000025423,0.9900973275698012,0.830876528902192,Tissue enriched,Detected in many
ENSG00000143257,0.9954794627315479,0.9041274293728712,Tissue enriched,Detected in some
ENSG00000198610,0.9985671872983091,0.9783817243231885,Tissue enriched,Detected in some
ENSG00000143199,0.9880659135309615,0.8769405619770758,Group enriched,Detected in some
ENSG00000123843,0.9963861100927042,0.9338287451444014,Tissue enriched,Detected in some
ENSG00000165841,0.978800102995451,0.9496059802621883,Group enriched,Detected in some
ENSG00000084734,0.9914937145010636,0.8620575414123801,Tissue enriched,Detected in some
ENSG00000105697,0.9967327514214135,0.9449720890597375,Tissue enriched,Detected in some
ENSG00000229314,0.9984567457464654,0.9765621932866584,Tissue enriched,Detected in some
ENSG00000126838,0.995822409173413,0.9470497876569979,Tissue enriched,Detected in some
ENSG00000197249,0.9964722094989173,0.9550866884422351,Tissue enriched,Detected in many
ENSG00000241635,0.9776787539348356,0.9147449217108925,Group enriched,Detected in some
ENSG00000147647,0.9903474903474903,0.9495551287578885,Group enriched,Detected in some
ENSG00000163959,0.9671855627496904,0.826463894809089,Group enriched,Detected in some
ENSG00000243135,0.9979802955665025,0.9753914988814316,Tissue enriched,Detected in some
ENSG00000123838,0.9975661909149388,0.9685610460786944,Tissue enriched,Detected in some
ENSG00000203972,0.9821428571428572,0.9444444444444442,Group enriched,Detected in some
ENSG00000099769,0.9962215857151566,0.9332667381346851,Tissue enriched,Detected in some
ENSG00000151224,0.9973044339311258,0.9687335378513215,Tissue enriched,Detected in some
ENSG00000169856,0.9725225101945869,0.9304227959672389,Group enriched,Detected in some
ENSG00000036473,0.9779968411306577,0.925577671013498,Group enriched,Detected in some
ENSG00000271271,0.9622222222222222,0.9223227752639518,Group enriched,Detected in some
ENSG00000285330,0.9788028613507255,0.7918719357315847,Group enriched,Detected in many
ENSG00000079557,0.9987389659520807,0.9813718539524992,Tissue enriched,Detected in some
ENSG00000145321,0.9981352867293578,0.9748582250457725,Tissue enriched,Detected in some
ENSG00000166391,0.9774635600305336,0.9160868648534681,Group enriched,Detected in some
ENSG00000161031,0.9957048495841748,0.9644200752421355,Tissue enriched,Detected in some
ENSG00000179761,0.984381050729315,0.8268875014452539,Group enriched,Detected in some
ENSG00000130208,0.9937104423919916,0.8967313951289426,Tissue enriched,Detected in many
ENSG00000205143,0.9935714285714287,0.9401165871754109,Tissue enriched,Detected in some
ENSG00000164406,0.9884732824427475,0.8259032426529938,Tissue enriched,Detected in some
ENSG00000091513,0.9894819303480293,0.8731965311533363,Tissue enriched,Detected in many
ENSG00000176919,0.9947991852716103,0.9230916932529833,Tissue enriched,Detected in some
ENSG00000205403,0.9753437334743528,0.7509090436860426,Group enriched,Detected in many
ENSG00000132837,0.9801795663152832,0.8428423514290309,Group enriched,Detected in many
ENSG00000124713,0.9780383550875353,0.8919175780281532,Group enriched,Detected in some
ENSG00000165478,0.8904907897737345,0.6908282967300492,Group enriched,Detected in many
ENSG00000205864,0.9808955223880598,0.9381829067504865,Group enriched,Detected in some
ENSG00000213398,0.9681592991856429,0.6222137692236596,Group enriched,Detected in many
ENSG00000171236,0.9962525594632533,0.9278236119132086,Tissue enriched,Detected in many
ENSG00000122194,0.9981845127825121,0.9770620204603582,Tissue enriched,Detected in some
ENSG00000173432,0.9919596457224927,0.9308797630789538,Group enriched,Detected in many
ENSG00000134339,0.9952155821622949,0.9346571667618429,Tissue enriched,Detected in some
ENSG00000149742,0.9947052235006618,0.9493412085415718,Tissue enriched,Detected in some
ENSG00000187045,0.9926188040803918,0.8853713428357088,Tissue enriched,Detected in some
ENSG00000072315,0.9656603773584906,0.9038671023965139,Group enriched,Detected in some
ENSG00000118271,0.9728044496487118,0.9300064270600894,Group enriched,Detected in some
ENSG00000118514,0.9883371845490447,0.8359901259361533,Group enriched,Detected in some
ENSG00000130173,0.9925521149564862,0.9297606659729449,Tissue enriched,Detected in some
ENSG00000132840,0.9688137763608958,0.7581730377926694,Group enriched,Detected in many
ENSG00000125730,0.9752825369770353,0.6723892837616181,Tissue enriched,Detected in all
ENSG00000261701,0.9959048877146629,0.9549793601651191,Tissue enriched,Detected in some
ENSG00000186732,0.9452061599602589,0.7377372082029576,Group enriched,Detected in some
ENSG00000116833,0.9720788975246559,0.8276083390781372,Group enriched,Detected in many
ENSG00000258818,0.9706780313543617,0.6454203151257849,Tissue enriched,Detected in many
ENSG00000183549,0.9837798495823661,0.7416955195228139,Tissue enriched,Detected in many
ENSG00000273047,0.9916832201872918,0.9217200501538811,Tissue enriched,Detected in some
ENSG00000139344,0.984583540321245,0.7333462074524355,Tissue enriched,Detected in many
ENSG00000130812,0.9693267347149188,0.6477228562343218,Tissue enriched,Detected in some
ENSG00000103569,0.9716070034571207,0.8634092661611619,Group enriched,Detected in many
ENSG00000150656,0.8712992414974309,0.7536824481556026,Group enriched,Detected in many
ENSG00000021826,0.995795848606585,0.9357765001549214,Tissue enriched,Detected in some
ENSG00000123454,0.9820732215197063,0.925706812803587,Group enriched,Detected in some
ENSG00000279493,0.9868754317292193,0.9404487917146147,Group enriched,Detected in some
ENSG00000140564,0.9711186256482909,0.7193493079656541,Group enriched,Detected in all
ENSG00000131482,0.9958023339452693,0.9629990917958897,Tissue enriched,Detected in some
ENSG00000171766,0.9506363131084514,0.770280754224806,Group enriched,Detected in many
ENSG00000149124,0.98292290381849,0.9412491420727522,Group enriched,Detected in some
ENSG00000111713,0.9958961821396611,0.9640489195781377,Tissue enriched,Detected in some
ENSG00000105707,0.9746209366082921,0.8795874631663543,Group enriched,Detected in many
ENSG00000132541,0.970595993300186,0.6462830070368559,Group enriched,Detected in all
ENSG00000120341,0.9480874316939889,0.7063372805226622,Group enriched,Detected in many
ENSG00000146039,0.9338235294117645,0.8387803155168354,Group enriched,Detected in some
ENSG00000145850,0.9625432306219344,0.8519242473898592,Group enriched,Detected in many
ENSG00000142484,0.9599586617763275,0.9116175363409973,Group enriched,Detected in some
ENSG00000144481,0.9885506115014313,0.9403290408717002,Group enriched,Detected in some
ENSG00000005471,0.9891296700204038,0.8590634755463058,Tissue enriched,Detected in some
ENSG00000160323,0.9619318008364621,0.5170873716186895,Tissue enriched,Detected in many
ENSG00000135744,0.9778184519072631,0.7770928256751297,Tissue enriched,Detected in many
ENSG00000110245,0.9961616249733121,0.9698594085716483,Tissue enriched,Detected in some
ENSG00000118520,0.9940912054748675,0.944952635312774,Tissue enriched,Detected in some
ENSG00000161267,0.9600042034468267,0.4992966467483435,Tissue enriched,Detected in all
ENSG00000095596,0.985726399095534,0.8812249145235616,Group enriched,Detected in some
ENSG00000162897,0.9599423828794837,0.8768274997060324,Group enriched,Detected in some
ENSG00000243955,0.9455055664301447,0.8687913403224068,Group enriched,Detected in many
ENSG00000284779,0.9925903971547125,0.9530277306168646,Tissue enriched,Detected in some
ENSG00000113889,0.997595155884527,0.9776157007202244,Tissue enriched,Detected in some
ENSG00000173531,0.9773153986268739,0.6775754982130253,Tissue enriched,Detected in many
ENSG00000138315,0.9937898567660508,0.9091580502215657,Tissue enriched,Detected in some
ENSG00000184155,0.9966666666666666,0.9729225023342669,Tissue enriched,Detected in single
ENSG00000182902,0.874327868852459,0.7022736240256697,Group enriched,Detected in many
ENSG00000083807,0.982243904468669,0.6977439988995116,Tissue enriched,Detected in many
ENSG00000163581,0.9868131451123259,0.9514059881230732,Group enriched,Detected in some
ENSG00000196620,0.9629768887552018,0.9130273535066078,Group enriched,Detected in some
ENSG00000145626,0.9758738014228271,0.9393553859202715,Group enriched,Detected in some
ENSG00000148584,0.9859907591627344,0.9259495106334723,Group enriched,Detected in some
ENSG00000187546,0.9658540728786209,0.822743290864733,Group enriched,Detected in some
ENSG00000244255,0.9844297778724013,0.8068956626367962,Tissue enriched,Detected in many
ENSG00000157087,0.9220493290886913,0.738298694825078,Group enriched,Detected in many
ENSG00000166278,0.9759842860143059,0.6850474847388095,Tissue enriched,Detected in many
ENSG00000198535,0.9420216469396797,0.7377213452299245,Group enriched,Detected in many
ENSG00000039537,0.9932787816162576,0.929189456043028,Tissue enriched,Detected in some
ENSG00000136305,0.970948906217967,0.7807287034791279,Group enriched,Detected in many
ENSG00000159261,0.986622950819672,0.8902231064374022,Group enriched,Detected in some
ENSG00000104938,0.9774324036619121,0.8961572360303189,Group enriched,Detected in some
ENSG00000140465,0.9797158166573761,0.865304570559513,Group enriched,Detected in many
ENSG00000100197,0.9949558638083223,0.9273877292852624,Tissue enriched,Detected in some
ENSG00000186115,0.9770906020487821,0.9194071420165537,Group enriched,Detected in some
ENSG00000163586,0.968244035130873,0.9220230175867152,Group enriched,Detected in some
ENSG00000160339,0.9886897953996697,0.8700305810397553,Tissue enriched,Detected in some
ENSG00000090512,0.9949376359837143,0.9604871097292396,Tissue enriched,Detected in some
ENSG00000197487,0.9578986587183307,0.8866858434353808,Group enriched,Detected in some
ENSG00000112293,0.9823823717266341,0.7068251804735224,Tissue enriched,Detected in many
ENSG00000084110,0.9831831730117876,0.8870803243901235,Group enriched,Detected in some
ENSG00000117594,0.9835261097305901,0.7627141691596409,Tissue enriched,Detected in many
ENSG00000188676,0.9856652687762106,0.9348835347794766,Group enriched,Detected in some
ENSG00000134962,0.9766093562574963,0.8563516507267521,Group enriched,Detected in some
ENSG00000106384,0.9771928890781341,0.8577513522983597,Group enriched,Detected in some
ENSG00000144852,0.9524324324324326,0.9028496732026143,Group enriched,Detected in some
ENSG00000171759,0.9923695976154995,0.9577563435523893,Group enriched,Detected in some
ENSG00000100344,0.9642514495474082,0.7547870967741934,Group enriched,Detected in many
ENSG00000105852,0.9896876384581301,0.8822533816780618,Tissue enriched,Detected in many
ENSG00000186907,0.9199940791177889,0.6781066187852147,Group enriched,Detected in many
ENSG00000196136,0.9890403093261412,0.8502182117508192,Tissue enriched,Detected in many
ENSG00000157103,0.9109419724173826,0.6821854291456888,Group enriched,Detected in many
ENSG00000243989,0.9180506836566683,0.5868883735947636,Group enriched,Detected in all
ENSG00000204444,0.9754964821682324,0.5807135046473484,Tissue enriched,Detected in many
ENSG00000166183,0.9812963202543111,0.8092969134858754,Group enriched,Detected in many
ENSG00000136881,0.9964123384913947,0.9726785530248379,Tissue enriched,Detected in some
ENSG00000114200,0.9645297314361737,0.6751402524544179,Tissue enriched,Detected in many
ENSG00000224389,0.961297709923664,0.7683520742497261,Group enriched,Detected in many
ENSG00000174990,0.9832575757575761,0.8629876692945218,Tissue enriched,Detected in some
ENSG00000198848,0.983537289309628,0.827309409924512,Tissue enriched,Detected in many
ENSG00000000971,0.9722166688880004,0.6833093408487256,Tissue enriched,Detected in many
ENSG00000165682,0.9826028772164607,0.9121508925086059,Group enriched,Detected in some
ENSG00000184374,0.9937746420419177,0.9497385814343491,Tissue enriched,Detected in some
ENSG00000116761,0.969691740528669,0.6137755046756312,Tissue enriched,Detected in all
ENSG00000171903,0.9690448876882655,0.6963720707433596,Tissue enriched,Detected in many
ENSG00000113790,0.9715811044003455,0.6769729435969098,Group enriched,Detected in many
ENSG00000104760,0.9971665205672773,0.972154077111786,Tissue enriched,Detected in some
ENSG00000215644,0.9928993518871524,0.9160177975528363,Tissue enriched,Detected in some
ENSG00000135423,0.9722271611962586,0.7014830398420862,Tissue enriched,Detected in many
ENSG00000134240,0.9852140077821012,0.8755741513119686,Tissue enriched,Detected in many
ENSG00000138030,0.9322975287496944,0.737153556646363,Group enriched,Detected in many
ENSG00000169688,0.9902567274976801,0.9394922695170835,Tissue enriched,Detected in some
ENSG00000183971,0.9632318501170961,0.6445827158488802,Group enriched,Detected in many
ENSG00000124253,0.9898239512299962,0.936041353329949,Tissue enriched,Detected in some
ENSG00000138308,0.9654640235955823,0.9230042359074615,Group enriched,Detected in some
ENSG00000165828,0.9646461700017497,0.9215057227022172,Group enriched,Detected in some
ENSG00000123131,0.9563693225951514,0.5428368202215716,Group enriched,Detected in all
ENSG00000139194,0.9512299184430334,0.8119308535267786,Group enriched,Detected in many
ENSG00000149131,0.9543244444864871,0.6087084237721017,Tissue enriched,Detected in all
ENSG00000137204,0.997049549134227,0.9772901995756329,Tissue enriched,Detected in some
ENSG00000090534,0.9808300103382069,0.7560282927874826,Tissue enriched,Detected in many
ENSG00000169903,0.9680244228839079,0.9229861719277304,Group enriched,Detected in some
ENSG00000172425,0.9865871833084944,0.8575707702435811,Tissue enriched,Detected in some
ENSG00000173610,0.9716207856480049,0.924647612680372,Group enriched,Detected in some
ENSG00000100024,0.9930562197524723,0.9249603384452674,Tissue enriched,Detected in some
ENSG00000076555,0.9453658225425782,0.6529228288212603,Group enriched,Detected in all
ENSG00000196616,0.9634619238300826,0.7715453704021114,Group enriched,Detected in many
ENSG00000172955,0.9914908327017944,0.9336152110638443,Tissue enriched,Detected in some
ENSG00000081051,0.979166666666667,0.9254217224030779,Group enriched,Detected in some
ENSG00000162688,0.9408035851080128,0.45413421381694596,Group enriched,Detected in all
ENSG00000164512,0.8877049180327871,0.6812615574275735,Group enriched,Detected in some
ENSG00000204653,0.9388672624595646,0.6917803531505224,Group enriched,Detected in many
ENSG00000130707,0.9651500484027108,0.673564837477564,Group enriched,Detected in many
ENSG00000129151,0.9743396758943482,0.7720736811719708,Group enriched,Detected in many
ENSG00000180767,0.966407454112372,0.8701200352645977,Group enriched,Detected in some
ENSG00000164237,0.8732397124782106,0.6076887090153984,Group enriched,Detected in all
ENSG00000138109,0.9922254274255963,0.9631074799267505,Tissue enriched,Detected in some
ENSG00000106258,0.9447223835261536,0.8115230350124147,Group enriched,Detected in many
ENSG00000162365,0.9948972523666589,0.9298187865978309,Tissue enriched,Detected in some
ENSG00000186529,0.9826489002388992,0.878512998710465,Tissue enriched,Detected in many
ENSG00000169738,0.9498208885268221,0.5218352299918079,Tissue enriched,Detected in all
ENSG00000102967,0.9246897925912507,0.3673197929111909,Tissue enriched,Detected in all
ENSG00000099617,0.958123681220581,0.8216521400545123,Group enriched,Detected in some
ENSG00000143845,0.9349760716831279,0.6510432635672678,Group enriched,Detected in many
ENSG00000205436,0.9613636363636364,0.8374119673709277,Group enriched,Detected in some
ENSG00000126218,0.9596696025959799,0.6863985684385436,Tissue enriched,Detected in many
ENSG00000088926,0.9895443397444176,0.9215038993264799,Tissue enriched,Detected in some
ENSG00000142748,0.979030899026206,0.8964067665503301,Group enriched,Detected in many
ENSG00000160282,0.9941304235403627,0.923775804578322,Tissue enriched,Detected in some
ENSG00000115486,0.9173972122380993,0.3138073371564052,Tissue enriched,Detected in all
ENSG00000112964,0.9500835588094859,0.6776274401633711,Group enriched,Detected in many
ENSG00000168237,0.9528915371120924,0.5000384116033774,Tissue enriched,Detected in all
ENSG00000166856,0.9711565545603064,0.8519865022295428,Group enriched,Detected in some
ENSG00000148702,0.9919969973605833,0.9589610181701755,Tissue enriched,Detected in some
ENSG00000113924,0.9869557553322755,0.868715878938219,Tissue enriched,Detected in many
ENSG00000158104,0.9939206373525354,0.9473464289170195,Tissue enriched,Detected in some
ENSG00000216588,0.9509788317682639,0.8708107683855266,Group enriched,Detected in some
ENSG00000146147,0.9616950079634482,0.8376755218216321,Group enriched,Detected in many
ENSG00000198736,0.93761104964967,0.5701029512697322,Group enriched,Detected in all
ENSG00000125144,0.9397321797819723,0.7979951170022639,Group enriched,Detected in many
ENSG00000100714,0.9182484900776531,0.3458392414037579,Tissue enriched,Detected in all
ENSG00000152620,0.938964383142544,0.4205391568504573,Tissue enriched,Detected in all
ENSG00000103154,0.904763741562199,0.7448893149341242,Group enriched,Detected in many
ENSG00000204099,0.9418013680308763,0.7332429931253301,Group enriched,Detected in some
ENSG00000015520,0.9731956568022145,0.9154438067377857,Group enriched,Detected in some
ENSG00000100889,0.9505050187218781,0.731531975639564,Group enriched,Detected in all
ENSG00000183281,0.978443113772455,0.704271910493304,Tissue enriched,Detected in many
ENSG00000204501,0.9909090909090909,0.9522058823529411,Tissue enriched,Detected in single
ENSG00000115718,0.9948017883755585,0.9582747011987676,Tissue enriched,Detected in some
ENSG00000117707,0.940041662892854,0.5916752764703637,Tissue enriched,Detected in many
ENSG00000126231,0.9924954462659379,0.8976691581431946,Tissue enriched,Detected in some
ENSG00000253649,0.9528043775649793,0.8898940864960285,Group enriched,Detected in some
ENSG00000189056,0.9624782239692679,0.6959937996098029,Group enriched,Detected in many
ENSG00000130988,0.9616658387150184,0.6497242691913525,Group enriched,Detected in many
ENSG00000101413,0.9085191208854474,0.27396113538057665,Tissue enriched,Detected in all
ENSG00000174327,0.9538989413179272,0.5662418068149138,Tissue enriched,Detected in many
ENSG00000102743,0.9525972743432749,0.6267477279536602,Group enriched,Detected in many
ENSG00000196660,0.9684892510061845,0.7427287149656265,Tissue enriched,Detected in some
ENSG00000188338,0.9804532202491384,0.8060385685205038,Tissue enriched,Detected in some
ENSG00000149150,0.9408531114917218,0.6384986173125016,Group enriched,Detected in many
ENSG00000176422,0.9087693689647428,0.30178201827452145,Tissue enriched,Detected in all
ENSG00000115107,0.9395653646196445,0.5356285597196551,Group enriched,Detected in many
ENSG00000105398,0.9893446494807832,0.9315543529455224,Tissue enriched,Detected in some
ENSG00000167165,0.9783671133158192,0.8975672613637777,Group enriched,Detected in many
ENSG00000171234,0.9779424127784785,0.9269014096924066,Group enriched,Detected in some
ENSG00000007001,0.966027554065655,0.7289746543778806,Group enriched,Detected in many
ENSG00000042781,0.988354385021947,0.9395032464186335,Group enriched,Detected in some
ENSG00000112299,0.9519506829565373,0.883954956916664,Group enriched,Detected in many
ENSG00000109576,0.9174234730886408,0.4719692456095552,Tissue enriched,Detected in many
ENSG00000167315,0.9455420111157816,0.5263982089316475,Tissue enriched,Detected in all
ENSG00000196177,0.9429818265338348,0.42826144549434164,Group enriched,Detected in all
ENSG00000168306,0.9428206022555514,0.5607030708372416,Tissue enriched,Detected in many
ENSG00000112414,0.9566644266983386,0.6715281646157223,Group enriched,Detected in many
ENSG00000248144,0.9676921973608721,0.8630057392707406,Group enriched,Detected in many
ENSG00000259171,0.928418632546981,0.5774728678192727,Tissue enriched,Detected in many
ENSG00000119711,0.9140046838407488,0.5328409526901396,Group enriched,Detected in all
ENSG00000138356,0.9782113378424854,0.8067270382992633,Tissue enriched,Detected in many
ENSG00000118137,0.9931596323981298,0.9553514732029464,Tissue enriched,Detected in some
ENSG00000157399,0.9785928686875349,0.8485193942464675,Group enriched,Detected in many
ENSG00000141505,0.9912376569839902,0.9135769079464988,Tissue enriched,Detected in some
ENSG00000161944,0.990766055680259,0.9403379798872507,Tissue enriched,Detected in some
ENSG00000179774,0.9186633039092058,0.6942247658688867,Group enriched,Detected in some
ENSG00000170458,0.9026433777069951,0.582174363405187,Group enriched,Detected in all
ENSG00000172831,0.9031682085504809,0.4754455911434987,Group enriched,Detected in all
ENSG00000133048,0.9570232549073117,0.7340913965255658,Tissue enriched,Detected in many
ENSG00000101204,0.9288913300659123,0.7249030388934758,Group enriched,Detected in some
ENSG00000182566,0.9573926372398744,0.7957770486214686,Group enriched,Detected in many
ENSG00000183230,0.8251366120218582,0.6585733486943162,Group enriched,Detected in many
ENSG00000021461,0.9887011349306428,0.8596568541042364,Tissue enriched,Detected in some
ENSG00000242612,0.9305802605643961,0.4630523177012744,Tissue enriched,Detected in all
ENSG00000059769,0.9024609726515121,0.3757422013470406,Tissue enriched,Detected in all
ENSG00000142182,0.9824070371851253,0.852561669829222,Group enriched,Detected in some
ENSG00000164089,0.9352828238074139,0.7694828841951928,Group enriched,Detected in many
ENSG00000131781,0.9462476316006259,0.7219991286723615,Group enriched,Detected in many
ENSG00000266964,0.9356565579238618,0.5949520990135782,Group enriched,Detected in all
ENSG00000178445,0.9556197372167757,0.6864447035453647,Group enriched,Detected in many
ENSG00000166840,0.9942522112420411,0.9539635234117574,Tissue enriched,Detected in some
ENSG00000174567,0.9613692573704832,0.7691893140349524,Group enriched,Detected in many
ENSG00000137106,0.8965688143347312,0.3055484281506262,Tissue enriched,Detected in all
ENSG00000100577,0.914079500942986,0.3509336657099402,Tissue enriched,Detected in all
ENSG00000125430,0.8859799363836557,0.6362827573685166,Group enriched,Detected in many
ENSG00000126246,0.9268246496780828,0.5377675587728101,Group enriched,Detected in many
ENSG00000196083,0.952623307975285,0.607198670292048,Group enriched,Detected in many
ENSG00000203896,0.9166088992974238,0.745412038326893,Group enriched,Detected in many
ENSG00000177943,0.9594019243018542,0.5923719165085388,Group enriched,Detected in many
ENSG00000170439,0.9501034537641256,0.8028695349107389,Group enriched,Detected in many
ENSG00000012504,0.9840411184703447,0.8995278578792449,Tissue enriched,Detected in some
ENSG00000172780,0.9204285809356902,0.4407334496592248,Tissue enriched,Detected in all
ENSG00000120158,0.9350631625240744,0.4051325389617031,Group enriched,Detected in all
ENSG00000223638,0.9518110236220474,0.8593941040619482,Group enriched,Detected in some
ENSG00000229292,0.9322222222222222,0.8071481757259866,Group enriched,Detected in some
ENSG00000187823,0.9676595744680853,0.9051490514905149,Group enriched,Detected in some
ENSG00000123453,0.9538313462493793,0.7334107099975986,Group enriched,Detected in many
ENSG00000099194,0.9056206088992979,0.6580596447813252,Group enriched,Detected in many
ENSG00000129214,0.9818741779217864,0.8080705120518048,Group enriched,Detected in some
ENSG00000254521,0.9601240584847138,0.7265684531369061,Group enriched,Detected in many
ENSG00000140284,0.9823875327917613,0.8317760899932469,Tissue enriched,Detected in many
ENSG00000204710,0.9696721311475409,0.8887945670628183,Group enriched,Detected in some
ENSG00000162032,0.9139728945966735,0.35326364527685716,Tissue enriched,Detected in all
ENSG00000162460,0.96578559587401,0.9367313393407499,Group enriched,Detected in some
ENSG00000204610,0.968108319812007,0.9157664560983816,Group enriched,Detected in some
ENSG00000147573,0.9479397430217099,0.8679298465393046,Group enriched,Detected in many
ENSG00000109814,0.9045844301389143,0.45136100458681105,Tissue enriched,Detected in many
ENSG00000093134,0.9543888773604488,0.8297059204560175,Group enriched,Detected in many
ENSG00000175899,0.8750124192747143,0.5186485357410027,Tissue enhanced,Detected in many
ENSG00000114771,0.9649625121519223,0.9028916991029223,Tissue enhanced,Detected in many
ENSG00000183044,0.9255389419323842,0.6323326866085326,Tissue enhanced,Detected in many
ENSG00000154262,0.8887739894765657,0.5453350349026722,Tissue enhanced,Detected in many
ENSG00000023839,0.97416322838294,0.8809620116627903,Tissue enhanced,Detected in some
ENSG00000108846,0.8986677232430285,0.6752208666386204,Tissue enhanced,Detected in many
ENSG00000091262,0.9518978102189781,0.7771262845974405,Tissue enhanced,Detected in many
ENSG00000163686,0.7743068671149054,0.43845851851479045,Tissue enhanced,Detected in all
ENSG00000260300,0.925064599483204,0.7848598769651403,Tissue enhanced,Detected in some
ENSG00000249319,0.7742000000000002,0.412099746326521,Tissue enhanced,Detected in many
ENSG00000255439,0.9179283700532526,0.3760305134608146,Tissue enhanced,Detected in all
ENSG00000256632,0.925287992910944,0.5461417786057459,Tissue enhanced,Detected in many
ENSG00000060971,0.9146053610114142,0.4097566640707193,Tissue enhanced,Detected in all
ENSG00000240303,0.8455484316811918,0.3869735411380939,Tissue enhanced,Detected in all
ENSG00000117054,0.8268910941754851,0.3880316327514708,Tissue enhanced,Detected in all
ENSG00000122971,0.8367112059285877,0.46576643770378623,Tissue enhanced,Detected in all
ENSG00000075239,0.9456825281867784,0.5179951897096746,Tissue enhanced,Detected in all
ENSG00000120437,0.8771612903225804,0.5332022601271766,Tissue enhanced,Detected in many
ENSG00000181513,0.7920961545776121,0.28995333876711515,Tissue enhanced,Detected in all
ENSG00000122729,0.8526413909096436,0.37277205392178403,Tissue enhanced,Detected in all
ENSG00000102794,0.9426229508196722,0.8338277098010134,Tissue enhanced,Detected in some
ENSG00000184227,0.8293537657400802,0.4145453241684507,Tissue enhanced,Detected in many
ENSG00000112304,0.7685261626764162,0.2539075490522116,Tissue enhanced,Detected in all
ENSG00000119673,0.8435713317978593,0.4272499216055188,Tissue enhanced,Detected in all
ENSG00000177465,0.8334384195039934,0.4439328528283708,Tissue enhanced,Detected in many
ENSG00000205669,0.9120588235294118,0.802479029759043,Tissue enhanced,Detected in some
ENSG00000161533,0.8801358117840731,0.40149233130079587,Tissue enhanced,Detected in all
ENSG00000151726,0.9212359058471948,0.5972749053159867,Tissue enhanced,Detected in all
ENSG00000005187,0.8987858781402113,0.6557272643565266,Tissue enhanced,Detected in all
ENSG00000152990,0.8585037027659979,0.4148707802326408,Tissue enhanced,Detected in all
ENSG00000147576,0.853195800331553,0.45809364304958855,Tissue enhanced,Detected in all
ENSG00000182551,0.8563487682452469,0.3915640516770724,Tissue enhanced,Detected in all
ENSG00000156110,0.8026402790761303,0.3013040860215055,Tissue enhanced,Detected in all
ENSG00000120907,0.9405328777579876,0.6592191291713685,Tissue enhanced,Detected in many
ENSG00000170214,0.8765938069216757,0.63066092255963,Tissue enhanced,Detected in many
ENSG00000183077,0.845126752348616,0.4317762729419887,Tissue enhanced,Detected in all
ENSG00000116771,0.9569703132362791,0.8194706230814799,Tissue enhanced,Detected in many
ENSG00000169692,0.8542932477358707,0.5263129077884743,Tissue enhanced,Detected in all
ENSG00000144891,0.9442761692650332,0.7862053056516722,Tissue enhanced,Detected in many
ENSG00000146416,0.8688524590163936,0.3341000548322044,Tissue enhanced,Detected in all
ENSG00000129474,0.9129657228017883,0.5532304545877103,Tissue enhanced,Detected in many
ENSG00000162433,0.9212493375002282,0.5102797020807259,Tissue enhanced,Detected in all
ENSG00000187134,0.9441791480803153,0.6798210171805441,Tissue enhanced,Detected in many
ENSG00000151632,0.932956564725373,0.7590614427025488,Tissue enhanced,Detected in many
ENSG00000162482,0.9446512920255635,0.8083506159266385,Tissue enhanced,Detected in some
ENSG00000259371,0.8466666666666666,0.5153846153846156,Tissue enhanced,Detected in some
ENSG00000258728,0.8337369597615502,0.3555707259298253,Tissue enhanced,Detected in all
ENSG00000249967,0.9082853345148426,0.5887978142076502,Tissue enhanced,Detected in many
ENSG00000148218,0.8035902028737201,0.37475135023463113,Tissue enhanced,Detected in all
ENSG00000023330,0.9194608552760282,0.46468539435565237,Tissue enhanced,Detected in all
ENSG00000165092,0.8702686878916387,0.5099888391882477,Tissue enhanced,Detected in many
ENSG00000144908,0.9551192300483976,0.6687483313793543,Tissue enhanced,Detected in many
ENSG00000111275,0.9144340833562893,0.43811703098227994,Tissue enhanced,Detected in all
ENSG00000159423,0.9154303721276068,0.5660885894803529,Tissue enhanced,Detected in all
ENSG00000112294,0.8631697480752106,0.449482029540029,Tissue enhanced,Detected in all
ENSG00000164904,0.7933255269320841,0.4363010899934847,Tissue enhanced,Detected in many
ENSG00000214160,0.7975277630883127,0.23461547204983058,Tissue enhanced,Detected in all
ENSG00000162551,0.9046586004070406,0.6390079805780107,Tissue enhanced,Detected in many
ENSG00000242110,0.8940694310511094,0.47202054750975897,Tissue enhanced,Detected in many
ENSG00000167772,0.8445738663598883,0.5735964434685181,Tissue enhanced,Detected in many
ENSG00000175311,0.9740754860846355,0.8907003777971518,Tissue enhanced,Detected in some
ENSG00000254979,0.8971186440677965,0.7263286004056797,Tissue enhanced,Detected in many
ENSG00000101474,0.8053829214582827,0.36220998663394965,Tissue enhanced,Detected in all
ENSG00000130203,0.9438635095066482,0.6990170474113189,Tissue enhanced,Detected in many
ENSG00000128313,0.9714814814814815,0.9142343960484958,Tissue enhanced,Detected in some
ENSG00000169083,0.8867179658748748,0.6864326375711574,Tissue enhanced,Detected in many
ENSG00000074964,0.8305040902771039,0.40476324073190884,Tissue enhanced,Detected in many
ENSG00000105676,0.7962873674059786,0.19951948556690136,Tissue enhanced,Detected in all
ENSG00000111339,0.9356423602665763,0.7197046249514187,Tissue enhanced,Detected in many
ENSG00000139352,0.8952269432363108,0.6934296275403409,Tissue enhanced,Detected in many
ENSG00000126522,0.919449707554164,0.4347218262757395,Tissue enhanced,Detected in all
ENSG00000123191,0.8657509968985379,0.5127514231499051,Tissue enhanced,Detected in many
ENSG00000166148,0.9581875115122493,0.7597743977133526,Tissue enhanced,Detected in many
ENSG00000160862,0.9722432653555952,0.8719618305399959,Tissue enhanced,Detected in many
ENSG00000083123,0.8022436076763835,0.25223446619329537,Tissue enhanced,Detected in all
ENSG00000137875,0.8750669666773808,0.5748856660715596,Tissue enhanced,Detected in many
ENSG00000197580,0.9077496274217587,0.6213217398999955,Tissue enhanced,Detected in many
ENSG00000137274,0.8535767511177342,0.35565597022008033,Tissue enhanced,Detected in all
ENSG00000182919,0.9242950021937695,0.399025319344128,Tissue enhanced,Detected in all
ENSG00000256806,0.8572399068322982,0.4546350771187786,Tissue enhanced,Detected in many
ENSG00000130813,0.7957870615194783,0.20730607142396873,Tissue enhanced,Detected in all
ENSG00000203724,0.8342615107067219,0.41072768192048015,Tissue enhanced,Detected in many
ENSG00000159403,0.9433846126595283,0.6380070710647878,Tissue enhanced,Detected in many
ENSG00000139178,0.898159362685727,0.42614294823164744,Tissue enhanced,Detected in all
ENSG00000182326,0.9417510583934801,0.6077075596589823,Tissue enhanced,Detected in many
ENSG00000204128,0.8881267576651347,0.6375539071933758,Tissue enhanced,Detected in many
ENSG00000244731,0.9545858585858585,0.7374680570189782,Tissue enhanced,Detected in many
ENSG00000275356,0.9612403100775193,0.9197443181818181,Tissue enhanced,Detected in some
ENSG00000182472,0.9194666156860871,0.7158808933002483,Tissue enhanced,Detected in many
ENSG00000204682,0.8120781099324975,0.4868683985155582,Tissue enhanced,Detected in many
ENSG00000121691,0.9195369471259115,0.4894777114762279,Tissue enhanced,Detected in all
ENSG00000160200,0.9398710892662685,0.6587841191066994,Tissue enhanced,Detected in many
ENSG00000274276,0.9439447125932426,0.8782534892493399,Tissue enhanced,Detected in some
ENSG00000215126,0.856559139784946,0.618008255933953,Tissue enhanced,Detected in many
ENSG00000198865,0.9129408842523593,0.5236223521666732,Tissue enhanced,Detected in many
ENSG00000253276,0.8331613741449807,0.43793938578492386,Tissue enhanced,Detected in all
ENSG00000275718,0.9515796703296702,0.8605970885763632,Tissue enhanced,Detected in some
ENSG00000241399,0.9123426200697229,0.45168659256050336,Tissue enhanced,Detected in all
ENSG00000129596,0.9520079371488561,0.6851096173075699,Tissue enhanced,Detected in many
ENSG00000079385,0.8572346189292598,0.6773655819640121,Tissue enhanced,Detected in many
ENSG00000245848,0.8663448578503586,0.5622788870394955,Tissue enhanced,Detected in all
ENSG00000143418,0.8291303295969029,0.3352328315853188,Tissue enhanced,Detected in all
ENSG00000172828,0.9223076319711349,0.75066896152967,Tissue enhanced,Detected in many
ENSG00000087237,0.9426379906752893,0.7454349313266326,Tissue enhanced,Detected in many
ENSG00000016391,0.8520558989518948,0.5262706723287525,Tissue enhanced,Detected in many
ENSG00000090539,0.9037097376370362,0.558336572094831,Tissue enhanced,Detected in many
ENSG00000163347,0.940212150433944,0.7162081138775314,Tissue enhanced,Detected in many
ENSG00000165376,0.927136303829878,0.8096517157177743,Tissue enhanced,Detected in some
ENSG00000166855,0.7883989822538569,0.1942524231142546,Tissue enhanced,Detected in all
ENSG00000180745,0.9667399995268855,0.8734343543008194,Tissue enhanced,Detected in some
ENSG00000120885,0.8110659207951026,0.5194987700413474,Tissue enhanced,Detected in all
ENSG00000132361,0.8352589815137771,0.3887642237915354,Tissue enhanced,Detected in all
ENSG00000125246,0.8594482484302641,0.3495655322230271,Tissue enhanced,Detected in all
ENSG00000198515,0.8571626201839941,0.5987920742131669,Tissue enhanced,Detected in many
ENSG00000105219,0.9137978142076507,0.6772260641725014,Tissue enhanced,Detected in many
ENSG00000182871,0.9420949043515833,0.5376613294011596,Tissue enhanced,Detected in all
ENSG00000118004,0.9505813183611856,0.7379697540079182,Tissue enhanced,Detected in many
ENSG00000093010,0.7991832699798762,0.28195876378749585,Tissue enhanced,Detected in all
ENSG00000107864,0.8264370201286577,0.4468027373896133,Tissue enhanced,Detected in all
ENSG00000157184,0.8668329769541457,0.32517615106715536,Tissue enhanced,Detected in all
ENSG00000145708,0.9741216626462533,0.7942797034662392,Tissue enhanced,Detected in many
ENSG00000146215,0.8876766534765407,0.6234929944607361,Tissue enhanced,Detected in many
ENSG00000165475,0.8519861286254731,0.43669316178517303,Tissue enhanced,Detected in all
ENSG00000116791,0.8835409836065576,0.43097793204470913,Tissue enhanced,Detected in many
ENSG00000259417,0.8972303206997086,0.7149343651172242,Tissue enhanced,Detected in some
ENSG00000111249,0.932520015249714,0.7586510263929622,Tissue enhanced,Detected in some
ENSG00000081041,0.9412097230073488,0.6457738639402477,Tissue enhanced,Detected in many
ENSG00000166347,0.9319622975397549,0.5808505743348726,Tissue enhanced,Detected in all
ENSG00000135929,0.9330509406975463,0.529762589162142,Tissue enhanced,Detected in many
ENSG00000108242,0.9518621804060575,0.8727395903903279,Tissue enhanced,Detected in some
ENSG00000134716,0.9164945281940841,0.6598711380440798,Tissue enhanced,Detected in many
ENSG00000146233,0.9320708498209915,0.622953084639875,Tissue enhanced,Detected in many
ENSG00000186204,0.9242808536962572,0.6812972551398429,Tissue enhanced,Detected in many
ENSG00000145476,0.8840296956951376,0.4025465593044506,Tissue enhanced,Detected in all
ENSG00000001630,0.7978885083790961,0.33918234496953104,Tissue enhanced,Detected in all
ENSG00000099977,0.8431506849315068,0.5403320119682269,Tissue enhanced,Detected in all
ENSG00000099974,0.8659779923646981,0.3654099923906027,Tissue enhanced,Detected in many
ENSG00000104325,0.8350699653582826,0.3481262662412501,Tissue enhanced,Detected in all
ENSG00000121690,0.9329071460219001,0.6367604979334296,Tissue enhanced,Detected in many
ENSG00000100418,0.7844451814649865,0.2550811970176692,Tissue enhanced,Detected in all
ENSG00000062282,0.9400845606148723,0.7717849905318761,Tissue enhanced,Detected in many
ENSG00000116133,0.8991579052269673,0.5788326331837974,Tissue enhanced,Detected in many
ENSG00000172893,0.8211394454563854,0.3857634854424934,Tissue enhanced,Detected in all
ENSG00000157379,0.817688211339668,0.3814040083851755,Tissue enhanced,Detected in all
ENSG00000181192,0.9015685812006132,0.3288957510536217,Tissue enhanced,Detected in all
ENSG00000176399,0.9092829126018307,0.6137361805240047,Tissue enhanced,Detected in many
ENSG00000108176,0.8424881129799164,0.5746852189480756,Tissue enhanced,Detected in many
ENSG00000178401,0.9106600745945013,0.6343248035142501,Tissue enhanced,Detected in many
ENSG00000163687,0.9213282676686048,0.7538550844379235,Tissue enhanced,Detected in many
ENSG00000143507,0.7863295359822171,0.37142875694769084,Tissue enhanced,Detected in many
ENSG00000147155,0.8650251100639366,0.41671459957944745,Tissue enhanced,Detected in all
ENSG00000121310,0.8760752040972664,0.40196285617965044,Tissue enhanced,Detected in all
ENSG00000134463,0.8972719792391923,0.6537257321769334,Tissue enhanced,Detected in many
ENSG00000127884,0.8727461781818984,0.3963523993581175,Tissue enhanced,Detected in all
ENSG00000198721,0.8395750204317097,0.3466090149508556,Tissue enhanced,Detected in all
ENSG00000134109,0.9010708915538934,0.41461794531157814,Tissue enhanced,Detected in all
ENSG00000284753,0.8935835351089586,0.5322463489459159,Tissue enhanced,Detected in many
ENSG00000284917,0.9293615676359038,0.6643170426065161,Tissue enhanced,Detected in many
ENSG00000169242,0.9091042154566745,0.48891391581617305,Tissue enhanced,Detected in many
ENSG00000225968,0.9365413533834582,0.6601660484013427,Tissue enhanced,Detected in some
ENSG00000197977,0.9153322429728808,0.6862396348052013,Tissue enhanced,Detected in many
ENSG00000170522,0.8515254490458942,0.4372374237387209,Tissue enhanced,Detected in many
ENSG00000187097,0.9121091059374568,0.5840186929162936,Tissue enhanced,Detected in all
ENSG00000095203,0.9258183014419651,0.6478657345934546,Tissue enhanced,Detected in many
ENSG00000143819,0.9231611506340861,0.5133689782342077,Tissue enhanced,Detected in all
ENSG00000120915,0.8525713002470242,0.528322536425744,Tissue enhanced,Detected in many
ENSG00000130427,0.9731997985788622,0.8891024569613906,Tissue enhanced,Detected in some
ENSG00000107566,0.8721553147782656,0.31617587446289086,Tissue enhanced,Detected in all
ENSG00000116285,0.8960857896387864,0.5797651126929484,Tissue enhanced,Detected in many
ENSG00000187017,0.9118852459016396,0.7423379909148411,Tissue enhanced,Detected in many
ENSG00000103067,0.872624401566807,0.6798525438625047,Tissue enhanced,Detected in many
ENSG00000105379,0.7736014249916975,0.37836840458560306,Tissue enhanced,Detected in all
ENSG00000171503,0.8678166096198884,0.3903284475256432,Tissue enhanced,Detected in all
ENSG00000115363,0.955095195351254,0.8006526198023494,Tissue enhanced,Detected in many
ENSG00000182197,0.8507061031009285,0.40255286217620556,Tissue enhanced,Detected in all
ENSG00000198734,0.9661977551321816,0.7872379551305626,Tissue enhanced,Detected in many
ENSG00000103876,0.9390265831510172,0.482505794955421,Tissue enhanced,Detected in all
ENSG00000115042,0.8053001772264065,0.28736675510869025,Tissue enhanced,Detected in all
ENSG00000109794,0.8099317302256815,0.44165964616680675,Tissue enhanced,Detected in many
ENSG00000189320,0.8681397006414826,0.6444944168734494,Tissue enhanced,Detected in many
ENSG00000108950,0.9236264953478065,0.6603659123736159,Tissue enhanced,Detected in many
ENSG00000272414,0.8570634700115111,0.4804635389041578,Tissue enhanced,Detected in all
ENSG00000166797,0.7858983496902242,0.33111066777160514,Tissue enhanced,Detected in all
ENSG00000177138,0.9647368421052629,0.8011204481792717,Tissue enhanced,Detected in some
ENSG00000165140,0.9589800516713909,0.7715817923291965,Tissue enhanced,Detected in many
ENSG00000118972,0.8938118446315166,0.6765643218033426,Tissue enhanced,Detected in some
ENSG00000160867,0.8979119169109401,0.7116972431867892,Tissue enhanced,Detected in many
ENSG00000172456,0.8527478876290895,0.3536286763659142,Tissue enhanced,Detected in all
ENSG00000091483,0.8121774844665989,0.3046023538544713,Tissue enhanced,Detected in all
ENSG00000076258,0.8919664361743458,0.41351857633468625,Tissue enhanced,Detected in many
ENSG00000115226,0.8909096083788707,0.6139750802976316,Tissue enhanced,Detected in many
ENSG00000129514,0.9289501220788275,0.7971679297965697,Tissue enhanced,Detected in many
ENSG00000125798,0.951367261028783,0.8527334465195244,Tissue enhanced,Detected in many
ENSG00000170608,0.9687410975578172,0.8737201963534362,Tissue enhanced,Detected in some
ENSG00000156869,0.8581453027645031,0.5064368156259249,Tissue enhanced,Detected in all
ENSG00000134363,0.9048642837946791,0.6101326966853591,Tissue enhanced,Detected in many
ENSG00000148803,0.9147925017401538,0.5520106993438645,Tissue enhanced,Detected in many
ENSG00000187889,0.90816770636878,0.7441624145982872,Tissue enhanced,Detected in many
ENSG00000163251,0.8533572872220972,0.5614680529636542,Tissue enhanced,Detected in many
ENSG00000123689,0.914696210775131,0.761377285976961,Tissue enhanced,Detected in many
ENSG00000143641,0.9077153172943223,0.35696300432489014,Tissue enhanced,Detected in all
ENSG00000213930,0.7751307987443323,0.2655472491803732,Tissue enhanced,Detected in all
ENSG00000130005,0.9621667084741264,0.6463813912661838,Tissue enhanced,Detected in all
ENSG00000148935,0.9338533403842767,0.6124123796565804,Tissue enhanced,Detected in many
ENSG00000105607,0.8229979573665743,0.23363181689125745,Tissue enhanced,Detected in all
ENSG00000131979,0.931665821643851,0.5360651166781054,Tissue enhanced,Detected in many
ENSG00000137880,0.8723812927145219,0.516894460898103,Tissue enhanced,Detected in many
ENSG00000001084,0.8277267127830948,0.3501077429076007,Tissue enhanced,Detected in all
ENSG00000140905,0.7793483679873309,0.4269155096518782,Tissue enhanced,Detected in all
ENSG00000119125,0.8868702060460215,0.7266679651798693,Tissue enhanced,Detected in many
ENSG00000187871,0.8941666666666668,0.7669133878717049,Tissue enhanced,Detected in some
ENSG00000137563,0.8845019975203193,0.5104045230024867,Tissue enhanced,Detected in all
ENSG00000169562,0.9372205663189265,0.7277915632754342,Tissue enhanced,Detected in many
ENSG00000198814,0.883332270204758,0.5540546809760929,Tissue enhanced,Detected in many
ENSG00000171433,0.9491933385376011,0.801220997408113,Tissue enhanced,Detected in some
ENSG00000151948,0.8508454885762229,0.6276362950386725,Tissue enhanced,Detected in many
ENSG00000182327,0.9754467582336439,0.799426975770092,Tissue enhanced,Detected in some
ENSG00000148672,0.8992666091458154,0.40855264460682394,Tissue enhanced,Detected in all
ENSG00000182890,0.9405930417801531,0.5775068343357026,Tissue enhanced,Detected in many
ENSG00000205835,0.9589859223596808,0.8073419628792549,Tissue enhanced,Detected in some
ENSG00000159921,0.8539493293591657,0.39322284699615295,Tissue enhanced,Detected in all
ENSG00000100522,0.8295844452916511,0.2796456999221981,Tissue enhanced,Detected in all
ENSG00000120053,0.8723162574149124,0.5228952507739548,Tissue enhanced,Detected in all
ENSG00000119927,0.9436695033077169,0.6084033613445374,Tissue enhanced,Detected in all
ENSG00000167701,0.9299815285153548,0.7132113689745083,Tissue enhanced,Detected in many
ENSG00000176153,0.9408677102929316,0.8228281494926162,Tissue enhanced,Detected in many
ENSG00000075240,0.8668203755446569,0.3490170877141232,Tissue enhanced,Detected in all
ENSG00000115290,0.9015467259423908,0.6222684703433925,Tissue enhanced,Detected in many
ENSG00000179603,0.8920293951384959,0.6440762463343108,Tissue enhanced,Detected in many
ENSG00000139835,0.8305453328872532,0.485816323567841,Tissue enhanced,Detected in all
ENSG00000244067,0.9824465635181936,0.9191684227589558,Tissue enhanced,Detected in some
ENSG00000134184,0.9016393442622951,0.45426719074726707,Tissue enhanced,Detected in many
ENSG00000148834,0.803039891108378,0.285214617493984,Tissue enhanced,Detected in all
ENSG00000138867,0.8163397669581556,0.3734236102345878,Tissue enhanced,Detected in all
ENSG00000049239,0.9087071758123098,0.40078933328852506,Tissue enhanced,Detected in all
ENSG00000162882,0.9496948361697256,0.5986681711027384,Tissue enhanced,Detected in many
ENSG00000063854,0.7922839616888476,0.32604138429565355,Tissue enhanced,Detected in all
ENSG00000213931,0.8520332126889504,0.5495570783887678,Tissue enhanced,Detected in many
ENSG00000168509,0.9865571226901015,0.9512691472100765,Tissue enhanced,Detected in some
ENSG00000108924,0.8864525255887495,0.5139857250575854,Tissue enhanced,Detected in all
ENSG00000117305,0.852438877029041,0.34890102270070655,Tissue enhanced,Detected in all
ENSG00000112972,0.8758021577693703,0.4385122840407134,Tissue enhanced,Detected in all
ENSG00000135100,0.937474596938084,0.8478333102588951,Tissue enhanced,Detected in some
ENSG00000101076,0.9331748216743839,0.8608828522920202,Tissue enhanced,Detected in some
ENSG00000241935,0.9158909300601364,0.6006081438392386,Tissue enhanced,Detected in many
ENSG00000134709,0.8369788574820769,0.5011248039803282,Tissue enhanced,Detected in many
ENSG00000086696,0.9424602000355095,0.8423989877797646,Tissue enhanced,Detected in many
ENSG00000132196,0.7628571428571429,0.4173565722585326,Tissue enhanced,Detected in many
ENSG00000099377,0.920864582641977,0.502569887492716,Tissue enhanced,Detected in all
ENSG00000119471,0.8116963143820487,0.37556661402088,Tissue enhanced,Detected in all
ENSG00000166598,0.844661839843088,0.3838336699234033,Tissue enhanced,Detected in all
ENSG00000114378,0.9629365645046328,0.6859841047218325,Tissue enhanced,Detected in many
ENSG00000149428,0.8389407313997477,0.3483345253595944,Tissue enhanced,Detected in all
ENSG00000090339,0.8734490869588639,0.48425793485175705,Tissue enhanced,Detected in all
ENSG00000148057,0.8001760932455665,0.43779829483258004,Tissue enhanced,Detected in all
ENSG00000115457,0.9352290566064784,0.6513049374239703,Tissue enhanced,Detected in many
ENSG00000085552,0.9566941982778095,0.7223608887924258,Tissue enhanced,Detected in many
ENSG00000056736,0.9191517043976059,0.5900843353733802,Tissue enhanced,Detected in many
ENSG00000137496,0.8523902327181017,0.45010440013889963,Tissue enhanced,Detected in all
ENSG00000197272,0.9653572533250847,0.7778592375366569,Tissue enhanced,Detected in some
ENSG00000008517,0.9171410499683744,0.71557162692261,Tissue enhanced,Detected in many
ENSG00000186480,0.9173573587324848,0.436617433748103,Tissue enhanced,Detected in all
ENSG00000145703,0.8544182931970937,0.5521285580926698,Tissue enhanced,Detected in all
ENSG00000063241,0.8424902669390176,0.28359149068463796,Tissue enhanced,Detected in all
ENSG00000123104,0.7918972538373182,0.3283470867716931,Tissue enhanced,Detected in all
ENSG00000080709,0.8646553426822042,0.642174821284234,Tissue enhanced,Detected in many
ENSG00000155666,0.922779217934207,0.3941799607468168,Tissue enhanced,Detected in all
ENSG00000117009,0.9607508532423211,0.8152013493569468,Tissue enhanced,Detected in some
ENSG00000115919,0.8632683179769454,0.6189405843255555,Tissue enhanced,Detected in many
ENSG00000147592,0.8409064334323328,0.3660069468326572,Tissue enhanced,Detected in all
ENSG00000179528,0.8860774530767407,0.5825712353339021,Tissue enhanced,Detected in many
ENSG00000134333,0.8049173746799957,0.3273248915328355,Tissue enhanced,Detected in all
ENSG00000166816,0.860748251489472,0.5278020646388413,Tissue enhanced,Detected in many
ENSG00000116678,0.8995604656688049,0.42984786613531867,Tissue enhanced,Detected in all
ENSG00000146166,0.94535519125683,0.6526454814696232,Tissue enhanced,Detected in some
ENSG00000101670,0.9570231219493222,0.7627029996935852,Tissue enhanced,Detected in many
ENSG00000138131,0.8595008731902423,0.5466323043956682,Tissue enhanced,Detected in many
ENSG00000111684,0.8245614035087718,0.42154567877351634,Tissue enhanced,Detected in all
ENSG00000123684,0.8411614190302713,0.34524831244935306,Tissue enhanced,Detected in all
ENSG00000101577,0.8796576720920689,0.4061436908241065,Tissue enhanced,Detected in all
ENSG00000160233,0.9276923791389956,0.5340989697686205,Tissue enhanced,Detected in many
ENSG00000105699,0.8602007926838672,0.5523397288895684,Tissue enhanced,Detected in many
ENSG00000153714,0.8525936647928101,0.45110244885512407,Tissue enhanced,Detected in many
ENSG00000102897,0.8250290435007099,0.25665288581841916,Tissue enhanced,Detected in all
ENSG00000111885,0.8339004021033102,0.45608451144263085,Tissue enhanced,Detected in all
ENSG00000172469,0.8120413304611338,0.24984294581774824,Tissue enhanced,Detected in all
ENSG00000069535,0.8345340605416557,0.49915453212362104,Tissue enhanced,Detected in many
ENSG00000117791,0.8867219824212197,0.5471185837162977,Tissue enhanced,Detected in many
ENSG00000019169,0.9059416957199019,0.7485539114798849,Tissue enhanced,Detected in many
ENSG00000127241,0.9193016925564353,0.6982606212261331,Tissue enhanced,Detected in many
ENSG00000185432,0.8253871573900082,0.35266431608919957,Tissue enhanced,Detected in all
ENSG00000168389,0.9176811123735327,0.7413034061475086,Tissue enhanced,Detected in many
ENSG00000161013,0.8837188054714421,0.49795312822302984,Tissue enhanced,Detected in all
ENSG00000008394,0.9462588005550131,0.6355835386763891,Tissue enhanced,Detected in many
ENSG00000135517,0.8812717337307494,0.519331119544592,Tissue enhanced,Detected in some
ENSG00000009950,0.9503449585416794,0.7380790453962318,Tissue enhanced,Detected in many
ENSG00000151611,0.829251700680272,0.37417135185029826,Tissue enhanced,Detected in many
ENSG00000132763,0.8116115679973859,0.30379203843514113,Tissue enhanced,Detected in all
ENSG00000075643,0.9112693720326082,0.664561485492805,Tissue enhanced,Detected in many
ENSG00000060762,0.8624176497625248,0.42729211087420027,Tissue enhanced,Detected in all
ENSG00000129255,0.8009250731667383,0.28009179821551133,Tissue enhanced,Detected in all
ENSG00000107186,0.8404801107213593,0.4032783155094255,Tissue enhanced,Detected in many
ENSG00000128309,0.8950943163224352,0.47699488501547593,Tissue enhanced,Detected in many
ENSG00000185038,0.9623529411764706,0.9219687875150062,Tissue enhanced,Detected in some
ENSG00000052802,0.914010852535443,0.4238291890785517,Tissue enhanced,Detected in all
ENSG00000205362,0.9184580092877527,0.6870613905761636,Tissue enhanced,Detected in many
ENSG00000169715,0.8723884289342614,0.5558431444408818,Tissue enhanced,Detected in all
ENSG00000198417,0.9135608707336738,0.6243415861282904,Tissue enhanced,Detected in many
ENSG00000205358,0.9525079520430634,0.8420639725231962,Tissue enhanced,Detected in many
ENSG00000244020,0.9686182669789222,0.7722960151802656,Tissue enhanced,Detected in some
ENSG00000205364,0.8246999672516426,0.5853991007549899,Tissue enhanced,Detected in many
ENSG00000187193,0.9135895104097149,0.6098646899456526,Tissue enhanced,Detected in all
ENSG00000125148,0.935809565151448,0.543315370314541,Tissue enhanced,Detected in all
ENSG00000109919,0.78475935828877,0.26109071264409933,Tissue enhanced,Detected in all
ENSG00000136371,0.9258837407964858,0.5005509242479158,Tissue enhanced,Detected in all
ENSG00000146085,0.8885245901639344,0.25356244401873695,Tissue enhanced,Detected in all
ENSG00000128641,0.9185810034130903,0.5294994196931078,Tissue enhanced,Detected in many
ENSG00000161653,0.9405059168385629,0.6761964096174258,Tissue enhanced,Detected in some
ENSG00000184117,0.8787752623818197,0.33126832382493676,Tissue enhanced,Detected in all
ENSG00000114021,0.8183558693310998,0.29562745671312096,Tissue enhanced,Detected in all
ENSG00000179873,0.917304189435336,0.7296015180265656,Tissue enhanced,Detected in some
ENSG00000158077,0.9111764705882353,0.7482776894541601,Tissue enhanced,Detected in some
ENSG00000166741,0.9415910196821989,0.6364853326386779,Tissue enhanced,Detected in many
ENSG00000183729,0.8896774193548387,0.8157639293341099,Tissue enhanced,Detected in some
ENSG00000131910,0.9315076999503237,0.8671567123675581,Tissue enhanced,Detected in some
ENSG00000241058,0.8288282223045076,0.2424970474492274,Tissue enhanced,Detected in all
ENSG00000140876,0.8299589255207008,0.3084327574387262,Tissue enhanced,Detected in all
ENSG00000189233,0.9370736177578657,0.7580438113379435,Tissue enhanced,Detected in many
ENSG00000184232,0.8901604240530773,0.4832475151602138,Tissue enhanced,Detected in all
ENSG00000197444,0.9280789686795506,0.6990246632290043,Tissue enhanced,Detected in many
ENSG00000254550,0.8877777777777778,0.765749437029714,Tissue enhanced,Detected in some
ENSG00000168131,0.9419999999999997,0.8677727501256915,Tissue enhanced,Detected in single
ENSG00000177201,0.9182978723404258,0.6243334153745184,Tissue enhanced,Detected in some
ENSG00000185372,0.9291999999999999,0.6723676254642825,Tissue enhanced,Detected in some
ENSG00000176230,0.931948051948052,0.6220139973393484,Tissue enhanced,Detected in some
ENSG00000140961,0.9144959339099006,0.5838448147633566,Tissue enhanced,Detected in many
ENSG00000162881,0.939508578852841,0.6119572885269027,Tissue enhanced,Detected in many
ENSG00000185624,0.9464182445103139,0.6220304989799095,Tissue enhanced,Detected in all
ENSG00000243444,0.8177581759174503,0.5094733570279875,Tissue enhanced,Detected in many
ENSG00000187867,0.8921744509743277,0.657595424752603,Tissue enhanced,Detected in many
ENSG00000152782,0.956061462562311,0.6040418750343466,Tissue enhanced,Detected in many
ENSG00000198682,0.86868630926008,0.5522333901810663,Tissue enhanced,Detected in many
ENSG00000188582,0.9242591424968467,0.7664256739976272,Tissue enhanced,Detected in some
ENSG00000108187,0.9218531405818419,0.5877044816127195,Tissue enhanced,Detected in all
ENSG00000173599,0.9014883520276099,0.5399183708072695,Tissue enhanced,Detected in all
ENSG00000166228,0.8200861069713528,0.3167943293288529,Tissue enhanced,Detected in all
ENSG00000114054,0.82147091288173,0.30635351266507893,Tissue enhanced,Detected in all
ENSG00000140479,0.8913718723037102,0.6584184866092297,Tissue enhanced,Detected in many
ENSG00000169174,0.972016289025791,0.8505882352941179,Tissue enhanced,Detected in some
ENSG00000141179,0.8385943494942449,0.39296355476804457,Tissue enhanced,Detected in all
ENSG00000258429,0.8136467267397678,0.3068143541909574,Tissue enhanced,Detected in all
ENSG00000155660,0.8689721920118136,0.3850193766715795,Tissue enhanced,Detected in all
ENSG00000065485,0.8713114754098362,0.4300108797101687,Tissue enhanced,Detected in all
ENSG00000241360,0.8501805054151622,0.5773745599476245,Tissue enhanced,Detected in many
ENSG00000089220,0.81852138316135,0.40935204007885395,Tissue enhanced,Detected in all
ENSG00000115425,0.9359317497490802,0.45976125008383106,Tissue enhanced,Detected in many
ENSG00000133027,0.9064385839866953,0.47530227414243376,Tissue enhanced,Detected in all
ENSG00000158571,0.9688083358788984,0.8708066816989555,Tissue enhanced,Detected in some
ENSG00000101856,0.8435771512017525,0.3793543159490531,Tissue enhanced,Detected in all
ENSG00000107537,0.9234120848932444,0.503173941760829,Tissue enhanced,Detected in all
ENSG00000155629,0.8410805343672303,0.5686259305210917,Tissue enhanced,Detected in many
ENSG00000143627,0.9805542218259132,0.8979009106343572,Tissue enhanced,Detected in some
ENSG00000188257,0.9630919794029992,0.7979834443432217,Tissue enhanced,Detected in many
ENSG00000147872,0.9162042604665556,0.6705040011231225,Tissue enhanced,Detected in all
ENSG00000214456,0.8692567815922959,0.6193298574456252,Tissue enhanced,Detected in many
ENSG00000152952,0.8308178780471396,0.4556885293831008,Tissue enhanced,Detected in many
ENSG00000108439,0.8633035193959508,0.2877171626570991,Tissue enhanced,Detected in all
ENSG00000105854,0.7552722121028128,0.4281356728889243,Tissue enhanced,Detected in all
ENSG00000127948,0.8269069923051188,0.36530780786125705,Tissue enhanced,Detected in all
ENSG00000109819,0.8897570468215593,0.6626572533703858,Tissue enhanced,Detected in many
ENSG00000137713,0.9000846447511617,0.3482677999070536,Tissue enhanced,Detected in all
ENSG00000243073,0.98,0.9200603318250373,Tissue enhanced,Detected in single
ENSG00000116690,0.9795081967213115,0.8514808526693078,Tissue enhanced,Detected in many
ENSG00000184500,0.9376877521242811,0.5321877088683298,Tissue enhanced,Detected in many
ENSG00000148426,0.9114030858244939,0.5864906238040568,Tissue enhanced,Detected in many
ENSG00000151006,0.9521100917431194,0.7099099099099107,Tissue enhanced,Detected in some
ENSG00000135069,0.8811402355278919,0.6212473908149718,Tissue enhanced,Detected in many
ENSG00000106853,0.8921462027433925,0.6337046648063902,Tissue enhanced,Detected in many
ENSG00000112245,0.8497894698523255,0.38264924934802513,Tissue enhanced,Detected in all
ENSG00000073008,0.8703768492602959,0.3538422043470819,Tissue enhanced,Detected in all
ENSG00000168994,0.8872847845786311,0.45994627943953637,Tissue enhanced,Detected in many
ENSG00000176894,0.9063350578653205,0.45373522444231984,Tissue enhanced,Detected in all
ENSG00000151552,0.7985086421172113,0.6016091807323742,Tissue enhanced,Detected in all
ENSG00000103485,0.8497803492981894,0.5563841925111503,Tissue enhanced,Detected in many
ENSG00000124839,0.9183447728175167,0.7271781425252175,Tissue enhanced,Detected in many
ENSG00000167964,0.8742811072292394,0.6815919184032015,Tissue enhanced,Detected in many
ENSG00000173166,0.8539668281415417,0.38245525730632735,Tissue enhanced,Detected in all
ENSG00000106538,0.8985700092257469,0.6213939797251677,Tissue enhanced,Detected in many
ENSG00000115255,0.9352114616338336,0.7494101804765632,Tissue enhanced,Detected in many
ENSG00000173156,0.9031393978356368,0.6546006653035066,Tissue enhanced,Detected in many
ENSG00000147223,0.9700641482537424,0.7319602977667494,Tissue enhanced,Detected in some
ENSG00000172602,0.926909868463682,0.5797692181915863,Tissue enhanced,Detected in many
ENSG00000133135,0.8841950399327448,0.7099301795696484,Tissue enhanced,Detected in many
ENSG00000255071,0.9857625482625482,0.9469726948951327,Tissue enhanced,Detected in some
ENSG00000103449,0.8066086065573771,0.6364685493717752,Tissue enhanced,Detected in many
ENSG00000141504,0.794365313983696,0.3295144695998491,Tissue enhanced,Detected in all
ENSG00000109929,0.9048837607814014,0.41376808959949263,Tissue enhanced,Detected in all
ENSG00000073060,0.945298368232141,0.6336859791076714,Tissue enhanced,Detected in all
ENSG00000116171,0.8302893934523637,0.2899359431085662,Tissue enhanced,Detected in all
ENSG00000115884,0.9415625358248312,0.7803369120717558,Tissue enhanced,Detected in many
ENSG00000169439,0.8575721753001668,0.4996152522122994,Tissue enhanced,Detected in all
ENSG00000124145,0.8516689709658307,0.3977015730868816,Tissue enhanced,Detected in all
ENSG00000139410,0.9007765314926663,0.4652314464543643,Tissue enhanced,Detected in many
ENSG00000274529,0.9516994633273701,0.8681818181818186,Tissue enhanced,Detected in some
ENSG00000100003,0.9406157394566662,0.6225011030257079,Tissue enhanced,Detected in many
ENSG00000100012,0.9520588235294116,0.8897377132671249,Tissue enhanced,Detected in some
ENSG00000133488,0.9764172543273191,0.8466356279791598,Tissue enhanced,Detected in some
ENSG00000250722,0.909799527440138,0.5283769239841953,Tissue enhanced,Detected in all
ENSG00000095539,0.8442995529061105,0.5963272318404345,Tissue enhanced,Detected in many
ENSG00000179918,0.9102930770137989,0.4306386621665841,Tissue enhanced,Detected in all
ENSG00000109618,0.7925893969897423,0.24374563870138655,Tissue enhanced,Detected in all
ENSG00000168528,0.8786683746167905,0.6430661511129692,Tissue enhanced,Detected in all
ENSG00000100665,0.9876565394078454,0.947780415522351,Tissue enhanced,Detected in some
ENSG00000188488,0.9245565937447546,0.8414237256158197,Tissue enhanced,Detected in many
ENSG00000164466,0.8279915578678706,0.32317941736313327,Tissue enhanced,Detected in all
ENSG00000144040,0.7570220319515502,0.43923042958807335,Tissue enhanced,Detected in all
ENSG00000101049,0.8592092574734812,0.6838597819633623,Tissue enhanced,Detected in many
ENSG00000164690,0.9154879564419717,0.7086084570996125,Tissue enhanced,Detected in many
ENSG00000176974,0.9297942872712411,0.5108485432842211,Tissue enhanced,Detected in all
ENSG00000182199,0.8702040037525239,0.37383075919077613,Tissue enhanced,Detected in all
ENSG00000164403,0.8152954274964487,0.5459606596952788,Tissue enhanced,Detected in many
ENSG00000185187,0.7840225103988255,0.2730420812005152,Tissue enhanced,Detected in all
ENSG00000147955,0.8338945005611673,0.2299057852476023,Tissue enhanced,Detected in all
ENSG00000253598,0.920388349514563,0.6899820356992703,Tissue enhanced,Detected in some
ENSG00000147100,0.8543389983456161,0.43840281416061666,Tissue enhanced,Detected in many
ENSG00000101194,0.9239067838906592,0.5449256149653847,Tissue enhanced,Detected in many
ENSG00000110628,0.9048078247692517,0.5961170848267621,Tissue enhanced,Detected in all
ENSG00000254827,0.890955060761765,0.6955409203406184,Tissue enhanced,Detected in many
ENSG00000170482,0.9765832797315847,0.8529088604028736,Tissue enhanced,Detected in some
ENSG00000183048,0.8904993986961203,0.46690669650821404,Tissue enhanced,Detected in all
ENSG00000004864,0.9032351661105473,0.3727342549923194,Tissue enhanced,Detected in all
ENSG00000178537,0.8135140454967242,0.45920237855721746,Tissue enhanced,Detected in all
ENSG00000181035,0.8189745378444369,0.36227946857150073,Tissue enhanced,Detected in all
ENSG00000145217,0.9498447317108405,0.5774508602733972,Tissue enhanced,Detected in many
ENSG00000197496,0.8923125895272962,0.5100134063787878,Tissue enhanced,Detected in many
ENSG00000170385,0.8367114692584504,0.33296153548828844,Tissue enhanced,Detected in all
ENSG00000136868,0.8437951244372717,0.42154030141393606,Tissue enhanced,Detected in all
ENSG00000181830,0.8956920578488823,0.35824633431085084,Tissue enhanced,Detected in all
ENSG00000116704,0.8795212073900596,0.3083680853673494,Tissue enhanced,Detected in all
ENSG00000137700,0.872814855100614,0.49087068845133386,Tissue enhanced,Detected in all
ENSG00000166558,0.9102391830153178,0.6754185381788489,Tissue enhanced,Detected in some
ENSG00000104635,0.9256427318371546,0.6143288421758815,Tissue enhanced,Detected in many
ENSG00000139540,0.9581651019117577,0.8963403131484624,Tissue enhanced,Detected in some
ENSG00000136052,0.8922153874125026,0.5545820935468124,Tissue enhanced,Detected in many
ENSG00000134802,0.9324577040431328,0.5328128611957548,Tissue enhanced,Detected in all
ENSG00000139508,0.8629101618494097,0.4005636533942454,Tissue enhanced,Detected in all
ENSG00000142494,0.9065798338198972,0.6785266649703616,Tissue enhanced,Detected in many
ENSG00000164889,0.8663128591661647,0.48625209507713696,Tissue enhanced,Detected in all
ENSG00000138074,0.8703381147540984,0.3744243672282508,Tissue enhanced,Detected in all
ENSG00000111181,0.9488015923478841,0.6854607823735079,Tissue enhanced,Detected in many
ENSG00000003989,0.8972789400863697,0.6469042022913332,Tissue enhanced,Detected in many
ENSG00000164038,0.8565214265171124,0.40696156161819874,Tissue enhanced,Detected in many
ENSG00000084453,0.8966022529535674,0.7105405938640623,Tissue enhanced,Detected in some
ENSG00000137491,0.8955231363112246,0.4771789691512467,Tissue enhanced,Detected in many
ENSG00000121871,0.8321085358959868,0.6480308727488622,Tissue enhanced,Detected in many
ENSG00000198732,0.8489009540878183,0.6131646404913578,Tissue enhanced,Detected in many
ENSG00000172164,0.876864984343341,0.5006884559423688,Tissue enhanced,Detected in many
ENSG00000086300,0.8392424095450577,0.5501556600649131,Tissue enhanced,Detected in many
ENSG00000185338,0.8758541180440342,0.5620377183131315,Tissue enhanced,Detected in many
ENSG00000142168,0.8306707041175035,0.3452215424545795,Tissue enhanced,Detected in all
ENSG00000140263,0.9227830793735818,0.691003103885443,Tissue enhanced,Detected in many
ENSG00000186212,0.8570853867042144,0.6483789507983053,Tissue enhanced,Detected in many
ENSG00000196800,0.9172222222222222,0.85214626391097,Tissue enhanced,Detected in some
ENSG00000145545,0.8714042684812866,0.4449118279569897,Tissue enhanced,Detected in many
ENSG00000277893,0.9523809523809521,0.9119710131462815,Tissue enhanced,Detected in some
ENSG00000064225,0.8605328746445747,0.4784219703574546,Tissue enhanced,Detected in all
ENSG00000073849,0.9234363255936782,0.4472845702684414,Tissue enhanced,Detected in all
ENSG00000214530,0.8925388496974871,0.4680590564181031,Tissue enhanced,Detected in all
ENSG00000172345,0.9136043569149518,0.5111612730584305,Tissue enhanced,Detected in many
ENSG00000118804,0.9373333333333334,0.6600390506833871,Tissue enhanced,Detected in many
ENSG00000172340,0.8116647730346804,0.36037418445520464,Tissue enhanced,Detected in all
ENSG00000175600,0.9055722129200577,0.5032190057352708,Tissue enhanced,Detected in many
ENSG00000196502,0.8718938520412427,0.4961090365108909,Tissue enhanced,Detected in all
ENSG00000197165,0.9153224043715846,0.7162211184283966,Tissue enhanced,Detected in many
ENSG00000109193,0.9406713505074163,0.8161881535676021,Tissue enhanced,Detected in many
ENSG00000176358,0.9423076923076918,0.558133150308854,Tissue enhanced,Detected in some
ENSG00000185899,0.8414285714285714,0.7152941176470586,Tissue enhanced,Detected in some
ENSG00000092607,0.976713201645137,0.8912408759124091,Tissue enhanced,Detected in many
ENSG00000152760,0.9074694066035557,0.6446228011692903,Tissue enhanced,Detected in many
ENSG00000009694,0.9093539054966249,0.5636733507701246,Tissue enhanced,Detected in many
ENSG00000003436,0.9294647195723895,0.6452356322384505,Tissue enhanced,Detected in many
ENSG00000198959,0.9052617786923782,0.6501446344317199,Tissue enhanced,Detected in many
ENSG00000185875,0.7869482976040355,0.3406598764282991,Tissue enhanced,Detected in many
ENSG00000151365,0.9576783340717766,0.8673213051225379,Tissue enhanced,Detected in many
ENSG00000180346,0.8404884380558626,0.3685168695836163,Tissue enhanced,Detected in all
ENSG00000149476,0.9019846606811821,0.5109354582489944,Tissue enhanced,Detected in all
ENSG00000185332,0.8832786885245902,0.6609725091371368,Tissue enhanced,Detected in many
ENSG00000002933,0.9549372575063794,0.6306835069590966,Tissue enhanced,Detected in many
ENSG00000106565,0.9437306158617637,0.6029304696032041,Tissue enhanced,Detected in many
ENSG00000187824,0.9067939834375527,0.4356082274230857,Tissue enhanced,Detected in all
ENSG00000126106,0.836248945611912,0.3475819586003992,Tissue enhanced,Detected in all
ENSG00000152078,0.9409880252750654,0.5413126281863463,Tissue enhanced,Detected in all
ENSG00000271092,0.9056414992688369,0.4159810800511108,Tissue enhanced,Detected in all
ENSG00000180089,0.8384540223645645,0.4081855576767899,Tissue enhanced,Detected in all
ENSG00000178297,0.912063492063492,0.7867358708189165,Tissue enhanced,Detected in some
ENSG00000125735,0.9312637149864464,0.665863679718262,Tissue enhanced,Detected in many
ENSG00000101255,0.887592752372735,0.518748055180998,Tissue enhanced,Detected in all
ENSG00000204613,0.9374826340650183,0.866878691503862,Tissue enhanced,Detected in some
ENSG00000196689,0.8333333333333333,0.3933778639660994,Tissue enhanced,Detected in many
ENSG00000182704,0.8790889174284205,0.5885610329680082,Tissue enhanced,Detected in many
ENSG00000128311,0.8952328960678217,0.4787710643536842,Tissue enhanced,Detected in all
ENSG00000075234,0.8948381854154892,0.4985185949154052,Tissue enhanced,Detected in all
ENSG00000168234,0.9116496568400835,0.4624632435481135,Tissue enhanced,Detected in all
ENSG00000169764,0.8859970836463259,0.4350072692690288,Tissue enhanced,Detected in all
ENSG00000197888,0.9550083050480255,0.8690955091714108,Tissue enhanced,Detected in some
ENSG00000124602,0.9496352526312959,0.8263137356919872,Tissue enhanced,Detected in some
ENSG00000112494,0.944715730728984,0.8444784553802682,Tissue enhanced,Detected in some
ENSG00000167397,0.8764106590485562,0.3263649403363138,Tissue enhanced,Detected in all
ENSG00000167992,0.9241596290776614,0.5999594602420804,Tissue enhanced,Detected in many
ENSG00000108379,0.9225123903926801,0.6123301129850991,Tissue enhanced,Detected in some
ENSG00000158125,0.9654402869895302,0.8418060818929665,Tissue enhanced,Detected in many
ENSG00000093217,0.9088717454194791,0.4226095761608559,Tissue enhanced,Detected in all
ENSG00000174851,0.8603368450890535,0.28761874302678425,Tissue enhanced,Detected in all
ENSG00000285404,0.9033047735618116,0.8302411873840443,Tissue enhanced,Detected in some
ENSG00000197114,0.7946874726045411,0.22975845780345816,Tissue enhanced,Detected in all
ENSG00000283496,0.86629746835443,0.5376061331554087,Tissue enhanced,Detected in many
ENSG00000179930,0.93,0.8461873638344226,Tissue enhanced,Detected in some
